Plage,echantillon,position,substrat,fbr,fbb,fbj,fbt,fbn,fba,frr,frb,frj,frt,frn,fra,fsr,fsb,fsj,fst,fsn,fsa,added,fibres,fdure,souple,fragments,frequentation,situation,distance,orientation
Amphion,74_Amp_1,1,4,3.0,10.0,0.0,66.0,17.0,1.0,0.0,0.0,0.0,0.0,0.0,0.0,0.0,0.0,0.0,0.0,0.0,0.0,97.0,97.0,0.0,0.0,0.0,3.0,1.0,1.0,NE
Amphion,74_Amp_10,2,4,10.0,17.0,1.0,78.0,34.0,0.0,16.0,0.0,0.0,21.0,1.0,0.0,6.0,0.0,0.0,17.0,1.0,0.0,202.0,140.0,38.0,24.0,62.0,3.0,1.0,1.0,NNE
Amphion,74_Amp_2,1,4,5.0,8.0,0.0,88.0,20.0,0.0,1.0,1.0,1.0,0.0,0.0,0.0,1.0,0.0,0.0,11.0,0.0,0.0,136.0,121.0,3.0,12.0,15.0,3.0,1.0,1.0,NNE
Amphion,74_Amp_3,1,4,3.0,2.0,1.0,17.0,7.0,1.0,0.0,0.0,0.0,0.0,0.0,0.0,0.0,0.0,0.0,0.0,0.0,0.0,31.0,31.0,0.0,0.0,0.0,3.0,1.0,1.0,NE
Amphion,74_Amp_4,1,4,5.0,11.0,0.0,146.0,17.0,0.0,1.0,1.0,0.0,0.0,0.0,0.0,0.0,1.0,0.0,0.0,0.0,0.0,182.0,179.0,2.0,1.0,3.0,3.0,1.0,1.0,NNE
Amphion,74_Amp_5,2,4,2.0,1.0,0.0,61.0,6.0,0.0,0.0,0.0,1.0,4.0,1.0,0.0,2.0,0.0,0.0,3.0,2.0,0.0,83.0,70.0,6.0,7.0,13.0,3.0,1.0,1.0,NE
Amphion,74_Amp_6,2,4,5.0,14.0,1.0,136.0,8.0,3.0,1.0,2.0,0.0,4.0,0.0,0.0,0.0,1.0,0.0,13.0,0.0,0.0,188.0,167.0,7.0,14.0,21.0,3.0,1.0,1.0,NE
Amphion,74_Amp_7,2,4,0.0,4.0,0.0,37.0,3.0,0.0,0.0,2.0,2.0,5.0,0.0,0.0,0.0,0.0,0.0,2.0,0.0,0.0,55.0,44.0,9.0,2.0,11.0,3.0,1.0,1.0,NE
Amphion,74_Amp_8,2,4,1.0,5.0,0.0,19.0,21.0,0.0,0.0,0.0,1.0,0.0,0.0,0.0,3.0,0.0,0.0,1.0,0.0,0.0,51.0,46.0,1.0,4.0,5.0,3.0,1.0,1.0,NNE
Amphion,74_Amp_9,2,4,15.0,17.0,5.0,115.0,51.0,2.0,3.0,3.0,2.0,5.0,0.0,0.0,0.0,0.0,0.0,7.0,0.0,0.0,225.0,205.0,13.0,7.0,20.0,3.0,1.0,1.0,NNE
Anthy,74_Ant_1,1,4,1.0,6.0,0.0,18.0,4.0,0.0,3.0,1.0,0.0,1.0,0.0,0.0,0.0,0.0,0.0,3.0,1.0,0.0,38.0,29.0,5.0,4.0,9.0,2.0,1.0,1.0,NNO
Anthy,74_Ant_2,1,4,0.0,2.0,0.0,25.0,6.0,0.0,1.0,2.0,0.0,1.0,0.0,4.0,1.0,0.0,0.0,10.0,4.0,1.0,57.0,33.0,8.0,16.0,24.0,2.0,1.0,1.0,NNO
Anthy,74_Ant_3,1,4,9.0,8.0,0.0,32.0,12.0,0.0,0.0,1.0,0.0,0.0,8.0,0.0,0.0,0.0,0.0,0.0,1.0,0.0,71.0,61.0,9.0,1.0,10.0,2.0,1.0,1.0,NNO
Anthy,74_Ant_4,2,4,6.0,24.0,0.0,118.0,18.0,0.0,3.0,0.0,1.0,9.0,0.0,0.0,0.0,0.0,0.0,21.0,0.0,0.0,200.0,166.0,13.0,21.0,34.0,2.0,1.0,1.0,NNO
Anthy,74_Ant_5,2,4,9.0,8.0,2.0,55.0,31.0,0.0,1.0,0.0,0.0,3.0,0.0,0.0,0.0,0.0,0.0,6.0,0.0,0.0,115.0,105.0,4.0,6.0,10.0,2.0,1.0,1.0,NNO
Anthy,74_Ant_6,2,4,8.0,17.0,0.0,93.0,37.0,1.0,3.0,3.0,3.0,6.0,1.0,0.0,0.0,2.0,1.0,29.0,0.0,0.0,204.0,156.0,16.0,32.0,48.0,2.0,1.0,1.0,NNO
Excenevex,74_Exc_1,1,1,8.0,13.0,0.0,31.0,32.0,0.0,3.0,8.0,1.0,0.0,0.0,1.0,0.0,0.0,0.0,13.0,8.0,0.0,118.0,84.0,13.0,21.0,34.0,3.0,1.0,1.0,NE
Excenevex,74_Exc_10,2,1,5.0,5.0,2.0,46.0,52.0,0.0,12.0,9.0,1.0,3.0,15.0,1.0,0.0,5.0,1.0,29.0,14.0,0.0,200.0,110.0,41.0,49.0,90.0,3.0,1.0,1.0,NE
Excenevex,74_Exc_11,2,1,6.0,17.0,0.0,64.0,11.0,0.0,2.0,1.0,0.0,2.0,6.0,0.0,0.0,0.0,0.0,2.0,1.0,0.0,112.0,98.0,11.0,3.0,14.0,3.0,1.0,1.0,NE
Excenevex,74_Exc_13,2,1,7.0,15.0,0.0,26.0,20.0,0.0,12.0,7.0,1.0,5.0,5.0,2.0,4.0,1.0,2.0,10.0,2.0,0.0,119.0,68.0,32.0,19.0,51.0,3.0,1.0,1.0,NE
Excenevex,74_Exc_14,2,1,2.0,12.0,0.0,53.0,9.0,0.0,4.0,1.0,3.0,3.0,0.0,1.0,0.0,0.0,1.0,5.0,0.0,1.0,95.0,76.0,12.0,7.0,19.0,3.0,1.0,1.0,NE
Excenevex,74_Exc_15,2,1,12.0,16.0,5.0,63.0,28.0,0.0,5.0,9.0,1.0,4.0,16.0,0.0,2.0,4.0,2.0,12.0,3.0,1.0,183.0,124.0,35.0,24.0,59.0,3.0,1.0,1.0,NE
Excenevex,74_Exc_17,2,1,8.0,12.0,2.0,53.0,22.0,0.0,1.0,8.0,6.0,7.0,3.0,0.0,1.0,4.0,1.0,7.0,1.0,0.0,136.0,97.0,25.0,14.0,39.0,3.0,1.0,1.0,NE
Excenevex,74_Exc_18,2,1,8.0,5.0,1.0,53.0,40.0,1.0,4.0,13.0,1.0,0.0,7.0,0.0,1.0,0.0,1.0,16.0,15.0,0.0,166.0,108.0,25.0,33.0,58.0,3.0,1.0,1.0,NE
Excenevex,74_Exc_19,2,1,10.0,8.0,1.0,43.0,14.0,2.0,5.0,7.0,0.0,17.0,8.0,0.0,2.0,3.0,2.0,9.0,5.0,1.0,137.0,78.0,37.0,22.0,59.0,3.0,1.0,1.0,NE
Excenevex,74_Exc_20,2,1,1.0,9.0,0.0,26.0,8.0,0.0,1.0,0.0,0.0,0.0,0.0,1.0,0.0,0.0,0.0,2.0,0.0,0.0,48.0,44.0,2.0,2.0,4.0,3.0,1.0,1.0,NE
Excenevex,74_Exc_21,2,1,1.0,4.0,0.0,34.0,18.0,0.0,1.0,1.0,0.0,0.0,0.0,1.0,0.0,0.0,0.0,5.0,0.0,0.0,65.0,57.0,3.0,5.0,8.0,3.0,1.0,1.0,NE
Excenevex,74_Exc_22,2,1,11.0,1.0,0.0,85.0,13.0,0.0,5.0,4.0,8.0,18.0,22.0,2.0,0.0,1.0,0.0,9.0,0.0,0.0,179.0,110.0,59.0,10.0,69.0,3.0,1.0,1.0,NE
Excenevex,74_Exc_23,2,1,4.0,1.0,1.0,14.0,10.0,0.0,16.0,5.0,2.0,2.0,6.0,1.0,0.0,0.0,0.0,12.0,2.0,0.0,76.0,30.0,32.0,14.0,46.0,3.0,1.0,1.0,NE
Excenevex,74_Exc_25,2,1,7.0,5.0,4.0,25.0,10.0,0.0,4.0,8.0,0.0,2.0,6.0,2.0,1.0,1.0,1.0,27.0,1.0,1.0,105.0,51.0,22.0,32.0,54.0,3.0,1.0,1.0,NE
Excenevex,74_Exc_27,2,1,3.0,8.0,0.0,135.0,22.0,0.0,16.0,6.0,0.0,1.0,5.0,1.0,0.0,2.0,0.0,62.0,1.0,0.0,262.0,168.0,29.0,65.0,94.0,3.0,1.0,1.0,NE
Excenevex,74_Exc_29,2,1,2.0,4.0,0.0,26.0,7.0,1.0,4.0,2.0,1.0,0.0,4.0,1.0,0.0,0.0,1.0,1.0,0.0,0.0,54.0,40.0,12.0,2.0,14.0,3.0,1.0,1.0,NE
Excenevex,74_Exc_3,1,1,13.0,30.0,0.0,51.0,15.0,0.0,3.0,2.0,3.0,2.0,1.0,0.0,0.0,2.0,1.0,6.0,1.0,0.0,130.0,109.0,11.0,10.0,21.0,3.0,1.0,1.0,NE
Excenevex,74_Exc_30,2,1,3.0,6.0,0.0,44.0,5.0,1.0,6.0,0.0,2.0,1.0,1.0,1.0,2.0,0.0,0.0,9.0,0.0,0.0,81.0,59.0,11.0,11.0,22.0,3.0,1.0,1.0,NE
Excenevex,74_Exc_31,2,1,2.0,2.0,0.0,49.0,4.0,0.0,5.0,0.0,1.0,1.0,3.0,3.0,1.0,0.0,0.0,5.0,2.0,0.0,78.0,57.0,13.0,8.0,21.0,3.0,1.0,1.0,NE
Excenevex,74_Exc_32,2,1,7.0,15.0,4.0,129.0,32.0,0.0,9.0,14.0,0.0,1.0,11.0,1.0,0.0,0.0,0.0,36.0,6.0,0.0,265.0,187.0,36.0,42.0,78.0,3.0,1.0,1.0,NE
Excenevex,74_Exc_33,2,1,16.0,17.0,8.0,115.0,32.0,1.0,5.0,6.0,4.0,3.0,1.0,0.0,0.0,2.0,4.0,54.0,8.0,1.0,277.0,189.0,19.0,69.0,88.0,3.0,1.0,1.0,NE
Excenevex,74_Exc_34,2,1,5.0,9.0,2.0,100.0,58.0,2.0,7.0,8.0,0.0,0.0,4.0,1.0,0.0,1.0,0.0,6.0,4.0,0.0,207.0,176.0,20.0,11.0,31.0,3.0,1.0,1.0,NE
Excenevex,74_Exc_4,1,1,8.0,2.0,2.0,20.0,7.0,0.0,2.0,0.0,0.0,0.0,1.0,0.0,0.0,0.0,0.0,8.0,1.0,0.0,51.0,39.0,3.0,9.0,12.0,3.0,1.0,1.0,NE
Excenevex,74_Exc_5,1,1,1.0,2.0,0.0,23.0,7.0,0.0,0.0,0.0,0.0,1.0,0.0,0.0,2.0,0.0,0.0,0.0,2.0,0.0,38.0,33.0,1.0,4.0,5.0,3.0,1.0,1.0,NE
Excenevex,74_Exc_6,1,1,26.0,16.0,0.0,73.0,10.0,0.0,0.0,1.0,0.0,1.0,0.0,1.0,0.0,0.0,0.0,0.0,0.0,0.0,128.0,125.0,3.0,0.0,3.0,3.0,1.0,1.0,NE
Excenevex,74_Exc_7,1,1,30.0,16.0,1.0,62.0,11.0,0.0,0.0,0.0,0.0,0.0,0.0,0.0,1.0,0.0,0.0,2.0,0.0,0.0,123.0,120.0,0.0,3.0,3.0,3.0,1.0,1.0,NE
Excenevex,74_Exc_8,1,1,26.0,9.0,0.0,86.0,5.0,0.0,0.0,0.0,0.0,0.0,0.0,0.0,0.0,1.0,0.0,0.0,1.0,0.0,128.0,126.0,0.0,2.0,2.0,3.0,1.0,1.0,NE
Excenevex,74_Exc_9,2,1,5.0,4.0,0.0,137.0,11.0,0.0,16.0,7.0,1.0,2.0,6.0,4.0,0.0,1.0,0.0,20.0,0.0,0.0,214.0,157.0,36.0,21.0,57.0,3.0,1.0,1.0,NE
Lugrin,74_Lug_1,1,4,28.0,10.0,1.0,38.0,32.0,1.0,8.0,3.0,0.0,1.0,0.0,0.0,3.0,0.0,0.0,1.0,0.0,0.0,126.0,110.0,12.0,4.0,16.0,2.0,1.0,2.0,NNE
Lugrin,74_Lug_2,1,4,4.0,10.0,1.0,89.0,21.0,1.0,0.0,0.0,0.0,2.0,1.0,0.0,1.0,0.0,0.0,5.0,0.0,0.0,135.0,126.0,3.0,6.0,9.0,2.0,1.0,2.0,N
Lugrin,74_Lug_3,1,4,1.0,6.0,2.0,38.0,18.0,1.0,0.0,0.0,0.0,1.0,0.0,0.0,0.0,0.0,0.0,5.0,0.0,0.0,72.0,66.0,1.0,5.0,6.0,2.0,1.0,2.0,NNO
Lugrin,74_Lug_4,2,4,4.0,9.0,1.0,22.0,16.0,2.0,2.0,1.0,0.0,0.0,0.0,0.0,0.0,4.0,0.0,13.0,1.0,0.0,75.0,54.0,3.0,18.0,21.0,2.0,1.0,2.0,N
Lugrin,74_Lug_5,2,4,49.0,37.0,9.0,357.0,113.0,2.0,9.0,15.0,1.0,4.0,0.0,1.0,0.0,2.0,3.0,60.0,3.0,0.0,665.0,567.0,30.0,68.0,98.0,2.0,1.0,2.0,N
Meillerie,74_Mei_1,1,2,1.0,0.0,1.0,16.0,8.0,0.0,1.0,0.0,0.0,0.0,25.0,0.0,0.0,1.0,0.0,3.0,1.0,0.0,57.0,26.0,26.0,5.0,31.0,1.0,2.0,3.0,N
Saint-Disdille,74_StD_1,1,4,8.0,7.0,0.0,37.0,27.0,0.0,7.0,0.0,1.0,0.0,7.0,0.0,0.0,0.0,0.0,2.0,0.0,0.0,96.0,79.0,15.0,2.0,17.0,2.0,1.0,1.0,N
Saint-Disdille,74_StD_2,1,4,19.0,36.0,0.0,116.0,49.0,1.0,2.0,4.0,0.0,7.0,0.0,1.0,1.0,0.0,0.0,10.0,0.0,0.0,246.0,221.0,14.0,11.0,25.0,2.0,1.0,1.0,N
Saint-Disdille,74_StD_3,1,4,22.0,37.0,1.0,159.0,38.0,4.0,6.0,9.0,1.0,21.0,0.0,6.0,8.0,3.0,1.0,17.0,0.0,1.0,334.0,261.0,43.0,30.0,73.0,2.0,1.0,1.0,NNO
Saint-Disdille,74_StD_4,1,4,8.0,7.0,1.0,71.0,28.0,0.0,4.0,2.0,0.0,1.0,1.0,0.0,0.0,2.0,0.0,6.0,0.0,0.0,131.0,115.0,8.0,8.0,16.0,2.0,1.0,1.0,NNO
Saint-Disdille,74_StD_5,1,4,5.0,12.0,0.0,99.0,0.0,0.0,1.0,0.0,0.0,0.0,0.0,0.0,0.0,0.0,0.0,0.0,0.0,0.0,117.0,116.0,1.0,0.0,1.0,2.0,1.0,1.0,NNO
Saint-Disdille,74_StD_6,1,4,29.0,13.0,1.0,25.0,45.0,0.0,36.0,2.0,0.0,1.0,0.0,1.0,0.0,1.0,0.0,1.0,0.0,0.0,155.0,113.0,40.0,2.0,42.0,2.0,1.0,1.0,NO
Tougues,74_Tou_1,1,2,2.0,6.0,0.0,28.0,27.0,0.0,2.0,0.0,0.0,1.0,0.0,0.0,0.0,0.0,0.0,8.0,0.0,0.0,74.0,63.0,3.0,8.0,11.0,3.0,1.0,2.0,NO
Tougues,74_Tou_10,2,2,12.0,24.0,3.0,119.0,27.0,2.0,1.0,3.0,1.0,1.0,0.0,0.0,1.0,3.0,1.0,18.0,0.0,0.0,216.0,187.0,6.0,23.0,29.0,3.0,1.0,2.0,NO
Tougues,74_Tou_11,2,2,5.0,27.0,1.0,58.0,26.0,1.0,1.0,3.0,0.0,7.0,0.0,1.0,2.0,3.0,1.0,4.0,0.0,0.0,140.0,118.0,12.0,10.0,22.0,3.0,1.0,2.0,NO
Tougues,74_Tou_2,1,2,3.0,21.0,0.0,122.0,15.0,0.0,1.0,2.0,0.0,0.0,0.0,0.0,0.0,0.0,0.0,2.0,0.0,0.0,166.0,161.0,3.0,2.0,5.0,3.0,1.0,2.0,NO
Tougues,74_Tou_3,1,2,2.0,2.0,0.0,8.0,9.0,0.0,3.0,1.0,0.0,0.0,2.0,0.0,0.0,0.0,0.0,6.0,0.0,0.0,33.0,21.0,6.0,6.0,12.0,3.0,1.0,2.0,NO
Tougues,74_Tou_4,1,2,1.0,2.0,0.0,14.0,3.0,0.0,0.0,1.0,0.0,0.0,1.0,0.0,0.0,0.0,0.0,2.0,0.0,1.0,25.0,20.0,2.0,3.0,5.0,3.0,1.0,2.0,NO
Tougues,74_Tou_5,1,2,1.0,10.0,0.0,26.0,6.0,0.0,5.0,0.0,0.0,0.0,2.0,1.0,0.0,0.0,0.0,0.0,0.0,0.0,51.0,43.0,8.0,0.0,8.0,3.0,1.0,2.0,NO
Tougues,74_Tou_6,1,2,8.0,5.0,4.0,11.0,22.0,0.0,2.0,2.0,0.0,0.0,2.0,0.0,0.0,0.0,0.0,1.0,0.0,0.0,57.0,50.0,6.0,1.0,7.0,3.0,1.0,2.0,NO
Tougues,74_Tou_7,2,2,3.0,5.0,1.0,83.0,22.0,0.0,3.0,1.0,0.0,2.0,0.0,0.0,0.0,1.0,0.0,8.0,0.0,0.0,129.0,114.0,6.0,9.0,15.0,3.0,1.0,2.0,NO
Tougues,74_Tou_8,2,2,5.0,6.0,2.0,36.0,10.0,0.0,2.0,7.0,4.0,9.0,5.0,0.0,0.0,2.0,1.0,26.0,0.0,0.0,115.0,59.0,27.0,29.0,56.0,3.0,1.0,2.0,NO
Tougues,74_Tou_9,2,2,0.0,2.0,1.0,132.0,20.0,1.0,0.0,0.0,0.0,3.0,1.0,3.0,2.0,1.0,0.0,6.0,0.0,0.0,172.0,156.0,7.0,9.0,16.0,3.0,1.0,2.0,NO
Baby Plage,GE_Bab_1,1,1,4.0,11.0,0.0,3.0,4.0,0.0,0.0,0.0,0.0,0.0,1.0,0.0,0.0,0.0,0.0,0.0,0.0,0.0,23.0,22.0,1.0,0.0,1.0,3.0,2.0,2.0,NNE
Baby Plage,GE_Bab_10,2,1,10.0,19.0,1.0,101.0,38.0,0.0,2.0,3.0,0.0,1.0,1.0,0.0,0.0,1.0,0.0,16.0,0.0,1.0,194.0,169.0,7.0,18.0,25.0,3.0,2.0,2.0,N
Baby Plage,GE_Bab_11,2,1,9.0,24.0,1.0,41.0,29.0,1.0,16.0,19.0,6.0,7.0,2.0,1.0,10.0,6.0,2.0,24.0,6.0,2.0,206.0,105.0,51.0,50.0,101.0,3.0,2.0,2.0,N
Baby Plage,GE_Bab_2,1,1,4.0,16.0,1.0,83.0,16.0,2.0,2.0,0.0,0.0,1.0,0.0,0.0,0.0,0.0,0.0,0.0,0.0,0.0,125.0,122.0,3.0,0.0,3.0,3.0,2.0,2.0,N
Baby Plage,GE_Bab_3,1,1,3.0,3.0,0.0,17.0,8.0,0.0,0.0,0.0,0.0,0.0,1.0,0.0,0.0,0.0,0.0,0.0,0.0,0.0,32.0,31.0,1.0,0.0,1.0,3.0,2.0,2.0,N
Baby Plage,GE_Bab_4,1,1,6.0,2.0,0.0,7.0,6.0,0.0,2.0,0.0,2.0,1.0,0.0,1.0,0.0,0.0,0.0,0.0,0.0,0.0,27.0,21.0,6.0,0.0,6.0,3.0,2.0,2.0,N
Baby Plage,GE_Bab_5,1,1,7.0,26.0,0.0,53.0,33.0,0.0,0.0,14.0,0.0,3.0,2.0,0.0,0.0,0.0,0.0,0.0,0.0,0.0,138.0,119.0,19.0,0.0,19.0,3.0,2.0,2.0,N
Baby Plage,GE_Bab_6,2,1,4.0,11.0,0.0,23.0,13.0,0.0,2.0,1.0,1.0,1.0,2.0,1.0,0.0,0.0,0.0,0.0,0.0,0.0,59.0,51.0,8.0,0.0,8.0,3.0,2.0,2.0,NNE
Baby Plage,GE_Bab_7,2,1,7.0,10.0,1.0,47.0,22.0,1.0,4.0,1.0,0.0,3.0,2.0,2.0,0.0,0.0,0.0,0.0,0.0,0.0,100.0,88.0,12.0,0.0,12.0,3.0,2.0,2.0,NNE
Baby Plage,GE_Bab_8,2,1,16.0,38.0,2.0,76.0,70.0,1.0,4.0,6.0,1.0,2.0,2.0,1.0,0.0,0.0,0.0,3.0,1.0,0.0,223.0,203.0,16.0,4.0,20.0,3.0,2.0,2.0,N
Baby Plage,GE_Bab_9,2,1,4.0,16.0,2.0,84.0,42.0,0.0,2.0,1.0,0.0,4.0,1.0,0.0,0.0,0.0,0.0,5.0,0.0,0.0,161.0,148.0,8.0,5.0,13.0,3.0,2.0,2.0,N
Hermance,GE_Her_1,1,3,4.0,14.0,0.0,51.0,10.0,0.0,2.0,1.0,0.0,0.0,0.0,0.0,0.0,0.0,0.0,0.0,0.0,0.0,82.0,79.0,3.0,0.0,3.0,3.0,2.0,2.0,OSO
Hermance,GE_Her_2,1,3,3.0,2.0,0.0,15.0,5.0,0.0,0.0,1.0,0.0,0.0,0.0,0.0,0.0,0.0,0.0,0.0,0.0,0.0,26.0,25.0,1.0,0.0,1.0,3.0,2.0,2.0,OSO
Hermance,GE_Her_3,1,3,5.0,7.0,2.0,26.0,29.0,0.0,0.0,3.0,0.0,1.0,0.0,0.0,0.0,0.0,0.0,0.0,0.0,0.0,73.0,69.0,4.0,0.0,4.0,3.0,2.0,2.0,OSO
Hermance,GE_Her_4,1,3,6.0,12.0,1.0,24.0,32.0,1.0,4.0,1.0,0.0,3.0,1.0,0.0,0.0,0.0,0.0,0.0,0.0,0.0,85.0,76.0,9.0,0.0,9.0,3.0,2.0,2.0,OSO
Hermance,GE_Her_5,2,3,10.0,17.0,1.0,141.0,37.0,,1.0,10.0,0.0,0.0,0.0,1.0,0.0,1.0,0.0,8.0,3.0,0.0,230.0,206.0,12.0,12.0,24.0,3.0,2.0,2.0,OSO
Hermance,GE_Her_6,2,3,15.0,17.0,1.0,80.0,73.0,2.0,2.0,7.0,0.0,1.0,0.0,0.0,1.0,1.0,1.0,5.0,0.0,0.0,206.0,188.0,10.0,8.0,18.0,3.0,2.0,2.0,OSO
Hermance,GE_Her_7,2,3,9.0,16.0,5.0,162.0,63.0,2.0,7.0,3.0,0.0,2.0,0.0,0.0,1.0,0.0,0.0,15.0,5.0,0.0,290.0,257.0,12.0,21.0,33.0,3.0,2.0,2.0,OSO
Hermance,GE_Her_8,2,3,7.0,3.0,1.0,22.0,12.0,,0.0,1.0,0.0,0.0,0.0,2.0,0.0,0.0,2.0,1.0,1.0,5.0,57.0,45.0,3.0,9.0,12.0,3.0,2.0,2.0,OSO
Hermance,GE_Her_9,2,3,6.0,29.0,2.0,325.0,73.0,2.0,4.0,0.0,0.0,2.0,0.0,0.0,1.0,1.0,0.0,15.0,0.0,1.0,461.0,437.0,6.0,18.0,24.0,3.0,2.0,2.0,OSO
Port Choiseul,GE_Por_1,1,3,10.0,5.0,3.0,5.0,14.0,,1.0,0.0,1.0,0.0,0.0,0.0,0.0,0.0,0.0,1.0,0.0,0.0,40.0,37.0,2.0,1.0,3.0,3.0,2.0,2.0,NE
Port Choiseul,GE_Por_10,2,3,83.0,125.0,17.0,489.0,142.0,3.0,18.0,19.0,5.0,119.0,13.0,23.0,1.0,3.0,2.0,14.0,0.0,0.0,1076.0,859.0,197.0,20.0,217.0,3.0,2.0,2.0,NE
Port Choiseul,GE_Por_2,1,3,3.0,15.0,0.0,28.0,13.0,2.0,0.0,1.0,0.0,0.0,0.0,0.0,0.0,0.0,0.0,0.0,0.0,0.0,62.0,61.0,1.0,0.0,1.0,3.0,2.0,2.0,NE
Port Choiseul,GE_Por_3,1,3,10.0,11.0,6.0,26.0,24.0,3.0,1.0,1.0,0.0,3.0,1.0,4.0,0.0,0.0,0.0,1.0,0.0,0.0,91.0,80.0,10.0,1.0,11.0,3.0,2.0,2.0,NE
Port Choiseul,GE_Por_4,1,3,18.0,6.0,0.0,34.0,3.0,1.0,0.0,0.0,0.0,3.0,0.0,0.0,0.0,1.0,0.0,4.0,0.0,0.0,70.0,62.0,3.0,5.0,8.0,3.0,2.0,2.0,NE
Port Choiseul,GE_Por_5,1,3,5.0,1.0,2.0,12.0,14.0,1.0,0.0,0.0,0.0,0.0,0.0,0.0,0.0,0.0,0.0,1.0,0.0,0.0,36.0,35.0,0.0,1.0,1.0,3.0,2.0,2.0,NE
Port Choiseul,GE_Por_6,1,3,11.0,21.0,3.0,17.0,27.0,5.0,0.0,0.0,1.0,0.0,0.0,0.0,0.0,0.0,0.0,0.0,0.0,0.0,85.0,84.0,1.0,0.0,1.0,3.0,2.0,2.0,NE
Port Choiseul,GE_Por_7,2,3,98.0,153.0,16.0,355.0,149.0,2.0,36.0,337.0,213.0,91.0,3.0,16.0,0.0,1.0,2.0,19.0,1.0,0.0,1492.0,773.0,696.0,23.0,719.0,3.0,2.0,2.0,NE
Port Choiseul,GE_Por_9,2,3,83.0,157.0,11.0,395.0,135.0,8.0,12.0,63.0,2.0,64.0,6.0,10.0,2.0,2.0,1.0,26.0,0.0,0.0,977.0,789.0,157.0,31.0,188.0,3.0,2.0,2.0,NE
Savonnière,GE_Sav_1,1,4,7.0,10.0,0.0,69.0,23.0,1.0,1.0,2.0,0.0,7.0,0.0,0.0,0.0,0.0,0.0,0.0,0.0,0.0,120.0,110.0,10.0,0.0,10.0,3.0,1.0,1.0,NO
Savonnière,GE_Sav_2,1,4,0.0,1.0,0.0,13.0,10.0,0.0,0.0,1.0,0.0,1.0,0.0,0.0,0.0,0.0,0.0,0.0,0.0,0.0,26.0,24.0,2.0,0.0,2.0,3.0,1.0,1.0,NO
Savonnière,GE_Sav_3,1,4,10.0,39.0,4.0,116.0,41.0,0.0,9.0,13.0,4.0,6.0,0.0,2.0,0.0,0.0,0.0,0.0,0.0,0.0,244.0,210.0,34.0,0.0,34.0,3.0,1.0,1.0,OSO
Savonnière,GE_Sav_4,2,2,26.0,12.0,7.0,186.0,46.0,3.0,2.0,1.0,0.0,25.0,0.0,0.0,2.0,7.0,2.0,36.0,6.0,0.0,361.0,280.0,28.0,53.0,81.0,3.0,1.0,1.0,NO
Savonnière,GE_Sav_6,2,2,24.0,32.0,8.0,201.0,74.0,2.0,1.0,4.0,1.0,40.0,9.0,1.0,5.0,3.0,3.0,132.0,9.0,1.0,550.0,341.0,56.0,153.0,209.0,3.0,1.0,1.0,NO
Savonnière,GE_Sav_7,2,2,15.0,6.0,18.0,53.0,14.0,0.0,1.0,2.0,0.0,4.0,0.0,0.0,7.0,0.0,10.0,6.0,4.0,0.0,140.0,106.0,7.0,27.0,34.0,3.0,1.0,1.0,NO
Savonnière,GE_Sav_8,2,2,11.0,9.0,7.0,102.0,49.0,2.0,2.0,0.0,0.0,4.0,2.0,0.0,0.0,0.0,1.0,9.0,3.0,0.0,201.0,180.0,8.0,13.0,21.0,3.0,1.0,1.0,NO
Savonnière,GE_Sav_9,2,2,12.0,17.0,4.0,273.0,67.0,2.0,3.0,0.0,0.0,11.0,2.0,3.0,0.0,1.0,4.0,32.0,3.0,0.0,434.0,375.0,19.0,40.0,59.0,3.0,1.0,1.0,NO
Versoix,GE_Ver_1,1,3,2.0,10.0,0.0,37.0,10.0,0.0,0.0,0.0,0.0,0.0,3.0,0.0,0.0,0.0,0.0,0.0,0.0,0.0,62.0,59.0,3.0,0.0,3.0,3.0,1.0,2.0,ESE
Versoix,GE_Ver_2,1,3,7.0,26.0,0.0,64.0,36.0,1.0,2.0,0.0,1.0,3.0,3.0,1.0,0.0,0.0,0.0,2.0,0.0,0.0,146.0,134.0,10.0,2.0,12.0,3.0,1.0,2.0,ESE
Versoix,GE_Ver_3,1,3,4.0,21.0,1.0,39.0,21.0,3.0,0.0,0.0,0.0,0.0,1.0,0.0,0.0,0.0,0.0,0.0,0.0,0.0,90.0,89.0,1.0,0.0,1.0,3.0,1.0,2.0,ESE
Versoix,GE_Ver_4,2,3,8.0,13.0,0.0,40.0,19.0,4.0,3.0,2.0,1.0,5.0,3.0,3.0,0.0,0.0,0.0,0.0,0.0,0.0,101.0,84.0,17.0,0.0,17.0,3.0,1.0,2.0,ESE
Aubonne,VD_Aub_1,1,4,4.0,9.0,0.0,12.0,14.0,0.0,0.0,0.0,0.0,2.0,1.0,2.0,0.0,0.0,0.0,0.0,0.0,0.0,44.0,39.0,5.0,0.0,5.0,2.0,1.0,4.0,ONO
Aubonne,VD_Aub_2,1,4,6.0,16.0,0.0,18.0,10.0,1.0,0.0,0.0,0.0,4.0,1.0,3.0,0.0,0.0,0.0,0.0,0.0,0.0,59.0,51.0,8.0,0.0,8.0,2.0,1.0,4.0,O
Aubonne,VD_Aub_3,1,4,5.0,24.0,0.0,32.0,25.0,0.0,0.0,0.0,0.0,1.0,0.0,1.0,0.0,0.0,0.0,1.0,0.0,0.0,89.0,86.0,2.0,1.0,3.0,2.0,1.0,4.0,OSO
Aubonne,VD_Aub_4,1,4,2.0,8.0,0.0,15.0,5.0,0.0,1.0,2.0,0.0,28.0,3.0,3.0,0.0,0.0,0.0,0.0,0.0,0.0,67.0,30.0,37.0,0.0,37.0,2.0,1.0,4.0,OSO
Aubonne,VD_Aub_5,1,4,0.0,11.0,0.0,28.0,2.0,1.0,0.0,1.0,0.0,9.0,1.0,0.0,0.0,0.0,0.0,2.0,0.0,0.0,55.0,42.0,11.0,2.0,13.0,2.0,1.0,4.0,SO
Aubonne,VD_Aub_6,2,4,5.0,14.0,0.0,38.0,17.0,2.0,0.0,0.0,0.0,7.0,2.0,1.0,0.0,0.0,0.0,1.0,0.0,0.0,87.0,76.0,10.0,1.0,11.0,2.0,1.0,4.0,ONO
Aubonne,VD_Aub_7,2,4,10.0,15.0,0.0,94.0,13.0,0.0,0.0,1.0,0.0,2.0,1.0,1.0,1.0,0.0,0.0,62.0,0.0,0.0,200.0,132.0,5.0,63.0,68.0,2.0,1.0,4.0,OSO
Aubonne,VD_Aub_9,2,4,15.0,13.0,3.0,55.0,19.0,0.0,7.0,4.0,1.0,4.0,0.0,1.0,4.0,1.0,0.0,28.0,1.0,0.0,156.0,105.0,17.0,34.0,51.0,2.0,1.0,4.0,OSO
Clarens,VD_Cls_1,1,4,6.0,10.0,1.0,17.0,10.0,0.0,0.0,2.0,0.0,2.0,2.0,1.0,0.0,1.0,0.0,0.0,0.0,0.0,52.0,44.0,7.0,1.0,8.0,3.0,2.0,1.0,SSO
Clarens,VD_Cls_2,1,4,5.0,13.0,0.0,42.0,24.0,0.0,0.0,0.0,0.0,0.0,3.0,0.0,0.0,0.0,0.0,2.0,0.0,0.0,89.0,84.0,3.0,2.0,5.0,3.0,2.0,1.0,SSO
Clarens,VD_Cls_3,1,4,1.0,16.0,0.0,18.0,6.0,1.0,0.0,1.0,0.0,0.0,5.0,1.0,0.0,0.0,0.0,0.0,0.0,0.0,49.0,42.0,7.0,0.0,7.0,3.0,2.0,1.0,SSO
Clarens,VD_Cls_4,1,4,2.0,4.0,1.0,6.0,12.0,0.0,2.0,0.0,0.0,0.0,0.0,0.0,0.0,0.0,0.0,0.0,0.0,0.0,27.0,25.0,2.0,0.0,2.0,3.0,2.0,1.0,SSO
Clarens,VD_Cls_5,2,2,3.0,4.0,1.0,12.0,11.0,0.0,0.0,0.0,0.0,2.0,0.0,0.0,0.0,1.0,0.0,0.0,1.0,1.0,36.0,31.0,2.0,3.0,5.0,3.0,2.0,1.0,SSO
Clarens,VD_Cls_6,2,2,8.0,10.0,1.0,60.0,38.0,2.0,8.0,6.0,2.0,0.0,1.0,0.0,1.0,3.0,0.0,19.0,2.0,1.0,162.0,119.0,17.0,26.0,43.0,3.0,2.0,1.0,SSO
Crans,VD_Cra_1,1,2,3.0,4.0,0.0,0.0,10.0,0.0,1.0,1.0,0.0,0.0,0.0,0.0,0.0,0.0,0.0,0.0,0.0,0.0,19.0,17.0,2.0,0.0,2.0,1.0,1.0,3.0,SSE
Cully,VD_Cul_1,1,3,9.0,28.0,1.0,48.0,29.0,2.0,2.0,1.0,0.0,5.0,3.0,0.0,0.0,0.0,0.0,0.0,0.0,0.0,128.0,117.0,11.0,0.0,11.0,1.0,1.0,1.0,SO
Cully,VD_Cul_2,2,3,,,,,,,,,,,,,,,,,,,0.0,0.0,0.0,0.0,0.0,1.0,1.0,1.0,SO
Gland,VD_Gld_1,1,2,4.0,2.0,0.0,6.0,13.0,1.0,1.0,1.0,2.0,0.0,4.0,0.0,1.0,2.0,1.0,2.0,0.0,0.0,40.0,26.0,8.0,6.0,14.0,2.0,1.0,1.0,E
Grangettes,VD_Grs_1,1,1,6.0,12.0,0.0,114.0,49.0,0.0,1.0,0.0,1.0,3.0,9.0,0.0,0.0,0.0,2.0,490.0,10.0,0.0,697.0,181.0,14.0,502.0,516.0,2.0,1.0,2.0,NO
Grangettes,VD_Grs_2,1,1,9.0,11.0,0.0,76.0,16.0,0.0,1.0,1.0,0.0,5.0,2.0,1.0,0.0,3.0,2.0,141.0,20.0,0.0,288.0,112.0,10.0,166.0,176.0,2.0,1.0,2.0,NO
Grangettes,VD_Grs_3,1,1,1.0,16.0,1.0,53.0,17.0,1.0,0.0,2.0,0.0,4.0,0.0,4.0,0.0,0.0,0.0,0.0,0.0,0.0,99.0,89.0,10.0,0.0,10.0,2.0,1.0,2.0,NO
Grangettes,VD_Grs_4,1,1,13.0,17.0,0.0,202.0,37.0,4.0,0.0,1.0,2.0,3.0,0.0,0.0,1.0,1.0,1.0,288.0,24.0,1.0,595.0,273.0,6.0,316.0,322.0,2.0,1.0,2.0,NO
Grangettes,VD_Grs_6,2,1,12.0,26.0,1.0,471.0,50.0,4.0,0.0,2.0,0.0,3.0,0.0,0.0,0.0,1.0,0.0,51.0,1.0,0.0,622.0,564.0,5.0,53.0,58.0,2.0,1.0,2.0,NO
Grangettes,VD_Grs_7,2,1,8.0,17.0,0.0,135.0,18.0,8.0,0.0,0.0,0.0,1.0,1.0,0.0,0.0,0.0,0.0,20.0,1.0,0.0,209.0,186.0,2.0,21.0,23.0,2.0,1.0,2.0,NO
Lutry,VD_Lut_1,1,4,31.0,24.0,0.0,49.0,20.0,2.0,0.0,0.0,0.0,0.0,0.0,0.0,0.0,0.0,0.0,0.0,0.0,0.0,126.0,126.0,0.0,0.0,0.0,3.0,2.0,2.0,SSE
Lutry,VD_Lut_2,1,4,9.0,10.0,0.0,33.0,9.0,0.0,0.0,1.0,0.0,5.0,1.0,0.0,0.0,0.0,0.0,1.0,0.0,0.0,69.0,61.0,7.0,1.0,8.0,3.0,2.0,2.0,SE
Lutry,VD_Lut_3,1,4,2.0,13.0,0.0,37.0,16.0,0.0,1.0,0.0,0.0,1.0,0.0,0.0,0.0,0.0,0.0,2.0,0.0,0.0,72.0,68.0,2.0,2.0,4.0,3.0,2.0,2.0,SE
Lutry,VD_Lut_4,1,4,3.0,6.0,0.0,25.0,5.0,0.0,0.0,1.0,0.0,1.0,0.0,0.0,0.0,0.0,0.0,0.0,0.0,0.0,41.0,39.0,2.0,0.0,2.0,3.0,2.0,2.0,SE
Lutry,VD_Lut_5,2,2,3.0,7.0,0.0,45.0,21.0,1.0,0.0,0.0,0.0,3.0,1.0,0.0,0.0,0.0,0.0,9.0,0.0,1.0,91.0,77.0,4.0,10.0,14.0,3.0,2.0,2.0,SSE
Lutry,VD_Lut_6,2,2,62.0,39.0,7.0,222.0,64.0,0.0,4.0,5.0,2.0,7.0,1.0,0.0,2.0,1.0,0.0,15.0,1.0,0.0,432.0,394.0,19.0,19.0,38.0,3.0,2.0,2.0,SE
Lutry,VD_Lut_8,2,2,3.0,6.0,2.0,101.0,34.0,0.0,2.0,0.0,0.0,1.0,0.0,0.0,0.0,0.0,0.0,19.0,1.0,0.0,169.0,146.0,3.0,20.0,23.0,3.0,2.0,2.0,SE
Pichette,VD_Pic_1,1,3,5.0,3.0,0.0,1.0,6.0,3.0,1.0,1.0,0.0,0.0,0.0,0.0,0.0,0.0,0.0,0.0,0.0,0.0,20.0,18.0,2.0,0.0,2.0,2.0,1.0,1.0,SSE
Pichette,VD_Pic_2,1,3,35.0,19.0,0.0,36.0,17.0,0.0,1.0,0.0,0.0,3.0,1.0,1.0,0.0,0.0,0.0,0.0,0.0,0.0,113.0,107.0,6.0,0.0,6.0,2.0,1.0,1.0,S
Pichette,VD_Pic_3,1,3,8.0,9.0,0.0,33.0,25.0,0.0,0.0,3.0,0.0,2.0,2.0,1.0,0.0,0.0,0.0,0.0,0.0,0.0,83.0,75.0,8.0,0.0,8.0,2.0,1.0,1.0,SSE
Pichette,VD_Pic_4,2,3,19.0,21.0,0.0,308.0,21.0,0.0,8.0,170.0,0.0,4.0,3.0,0.0,0.0,0.0,0.0,5.0,0.0,0.0,559.0,369.0,185.0,5.0,190.0,2.0,1.0,1.0,SSE
Pichette,VD_Pic_6,2,3,277.0,521.0,106.0,948.0,647.0,94.0,23.0,66.0,54.0,152.0,17.0,5.0,9.0,13.0,0.0,53.0,6.0,0.0,2991.0,2593.0,317.0,81.0,398.0,2.0,1.0,1.0,S
Préverenges,VD_Pré_1,1,1,12.0,22.0,2.0,121.0,22.0,0.0,3.0,2.0,0.0,9.0,1.0,1.0,0.0,0.0,0.0,3.0,0.0,0.0,198.0,179.0,16.0,3.0,19.0,3.0,1.0,2.0,SO
Préverenges,VD_Pré_10,1,1,5.0,8.0,1.0,22.0,17.0,0.0,4.0,3.0,2.0,1.0,29.0,1.0,0.0,0.0,0.0,2.0,0.0,0.0,95.0,53.0,40.0,2.0,42.0,3.0,1.0,2.0,SO
Préverenges,VD_Pré_11,2,1,11.0,33.0,3.0,133.0,41.0,3.0,1.0,4.0,1.0,12.0,4.0,1.0,0.0,0.0,2.0,4.0,0.0,0.0,253.0,224.0,23.0,6.0,29.0,3.0,1.0,2.0,SO
Préverenges,VD_Pré_12,2,1,9.0,23.0,1.0,71.0,19.0,1.0,1.0,1.0,0.0,5.0,6.0,0.0,0.0,0.0,0.0,0.0,1.0,1.0,139.0,124.0,13.0,2.0,15.0,3.0,1.0,2.0,SO
Préverenges,VD_Pré_13,2,1,55.0,28.0,1.0,127.0,42.0,0.0,3.0,5.0,1.0,1.0,0.0,0.0,1.0,3.0,1.0,3.0,0.0,0.0,271.0,253.0,10.0,8.0,18.0,3.0,1.0,2.0,SO
Préverenges,VD_Pré_14,2,1,15.0,42.0,0.0,123.0,27.0,1.0,1.0,1.0,2.0,16.0,6.0,0.0,0.0,0.0,2.0,6.0,0.0,0.0,242.0,208.0,26.0,8.0,34.0,3.0,1.0,2.0,SO
Préverenges,VD_Pré_15,2,1,12.0,26.0,2.0,202.0,42.0,1.0,5.0,1.0,5.0,3.0,0.0,1.0,5.0,4.0,0.0,39.0,1.0,0.0,349.0,285.0,15.0,49.0,64.0,3.0,1.0,2.0,SO
Préverenges,VD_Pré_16,2,1,4.0,29.0,0.0,43.0,17.0,1.0,0.0,2.0,0.0,10.0,1.0,1.0,0.0,0.0,0.0,6.0,0.0,0.0,114.0,94.0,14.0,6.0,20.0,3.0,1.0,2.0,SO
Préverenges,VD_Pré_17,2,1,9.0,22.0,4.0,60.0,34.0,1.0,1.0,3.0,1.0,12.0,3.0,1.0,0.0,0.0,0.0,4.0,2.0,0.0,157.0,130.0,21.0,6.0,27.0,3.0,1.0,2.0,SO
Préverenges,VD_Pré_19,2,1,17.0,16.0,0.0,62.0,23.0,2.0,4.0,1.0,1.0,11.0,0.0,1.0,0.0,0.0,0.0,4.0,0.0,0.0,142.0,120.0,18.0,4.0,22.0,3.0,1.0,2.0,SO
Préverenges,VD_Pré_2,1,1,12.0,20.0,3.0,160.0,43.0,2.0,9.0,14.0,7.0,4.0,2.0,4.0,8.0,14.0,3.0,552.0,18.0,9.0,884.0,240.0,40.0,604.0,644.0,3.0,1.0,2.0,SO
Préverenges,VD_Pré_20,2,1,9.0,22.0,2.0,65.0,22.0,1.0,3.0,3.0,2.0,16.0,3.0,2.0,0.0,0.0,0.0,6.0,1.0,0.0,157.0,121.0,29.0,7.0,36.0,3.0,1.0,2.0,SO
Préverenges,VD_Pré_21,2,1,9.0,36.0,4.0,118.0,39.0,0.0,21.0,39.0,3.0,14.0,4.0,4.0,0.0,1.0,1.0,9.0,0.0,0.0,302.0,206.0,85.0,11.0,96.0,3.0,1.0,2.0,SO
Préverenges,VD_Pré_22,2,1,6.0,14.0,1.0,53.0,17.0,2.0,11.0,7.0,3.0,5.0,4.0,0.0,0.0,2.0,2.0,3.0,4.0,1.0,135.0,93.0,30.0,12.0,42.0,3.0,1.0,2.0,SO
Préverenges,VD_Pré_23,2,1,4.0,6.0,0.0,46.0,10.0,1.0,2.0,1.0,0.0,3.0,1.0,0.0,1.0,2.0,0.0,4.0,0.0,1.0,82.0,67.0,7.0,8.0,15.0,3.0,1.0,2.0,SO
Préverenges,VD_Pré_24,2,1,5.0,5.0,0.0,65.0,16.0,0.0,1.0,0.0,0.0,1.0,0.0,0.0,1.0,0.0,0.0,6.0,0.0,0.0,100.0,91.0,2.0,7.0,9.0,3.0,1.0,2.0,SO
Préverenges,VD_Pré_3,1,1,11.0,33.0,2.0,166.0,37.0,2.0,4.0,12.0,1.0,29.0,62.0,4.0,0.0,2.0,0.0,116.0,0.0,0.0,481.0,251.0,112.0,118.0,230.0,3.0,1.0,2.0,SO
Préverenges,VD_Pré_4,1,1,6.0,4.0,1.0,12.0,13.0,0.0,1.0,1.0,0.0,0.0,39.0,0.0,0.0,0.0,1.0,0.0,0.0,0.0,78.0,36.0,41.0,1.0,42.0,3.0,1.0,2.0,SO
Préverenges,VD_Pré_5,1,1,4.0,7.0,0.0,42.0,14.0,0.0,2.0,1.0,2.0,1.0,51.0,1.0,0.0,0.0,0.0,3.0,0.0,0.0,128.0,67.0,58.0,3.0,61.0,3.0,1.0,2.0,SO
Préverenges,VD_Pré_6,1,1,1.0,12.0,0.0,43.0,12.0,1.0,0.0,3.0,1.0,1.0,9.0,1.0,0.0,0.0,0.0,2.0,0.0,0.0,86.0,69.0,15.0,2.0,17.0,3.0,1.0,2.0,SO
Préverenges,VD_Pré_7,1,1,8.0,28.0,0.0,43.0,31.0,0.0,2.0,2.0,2.0,12.0,12.0,2.0,0.0,0.0,0.0,3.0,3.0,0.0,148.0,110.0,32.0,6.0,38.0,3.0,1.0,2.0,SO
Préverenges,VD_Pré_8,1,1,11.0,26.0,2.0,73.0,20.0,0.0,1.0,1.0,0.0,0.0,7.0,0.0,0.0,0.0,0.0,10.0,0.0,0.0,151.0,132.0,9.0,10.0,19.0,3.0,1.0,2.0,SO
Préverenges,VD_Pré_9,1,1,5.0,31.0,0.0,60.0,19.0,3.0,2.0,1.0,0.0,4.0,34.0,2.0,0.0,2.0,0.0,11.0,0.0,0.0,174.0,118.0,43.0,13.0,56.0,3.0,1.0,2.0,SO
Rolle,VD_Rol_1,1,1,15.0,9.0,0.0,19.0,24.0,0.0,4.0,2.0,1.0,2.0,15.0,6.0,0.0,0.0,1.0,1.0,0.0,0.0,99.0,67.0,30.0,2.0,32.0,3.0,2.0,1.0,SSO
Rolle,VD_Rol_10,1,1,1.0,18.0,0.0,39.0,13.0,1.0,1.0,0.0,0.0,0.0,9.0,0.0,0.0,0.0,0.0,3.0,0.0,0.0,85.0,72.0,10.0,3.0,13.0,3.0,2.0,1.0,S
Rolle,VD_Rol_11,2,1,17.0,35.0,0.0,73.0,29.0,1.0,10.0,7.0,5.0,5.0,4.0,5.0,0.0,0.0,0.0,1.0,0.0,0.0,192.0,155.0,36.0,1.0,37.0,3.0,2.0,1.0,SSO
Rolle,VD_Rol_12,2,1,7.0,11.0,4.0,45.0,31.0,1.0,4.0,3.0,5.0,3.0,4.0,1.0,0.0,1.0,1.0,2.0,0.0,1.0,124.0,99.0,20.0,5.0,25.0,3.0,2.0,1.0,SSO
Rolle,VD_Rol_13,2,1,15.0,46.0,0.0,57.0,38.0,0.0,75.0,74.0,22.0,7.0,11.0,9.0,0.0,0.0,0.0,1.0,0.0,0.0,355.0,156.0,198.0,1.0,199.0,3.0,2.0,1.0,SSO
Rolle,VD_Rol_14,2,1,4.0,19.0,1.0,20.0,28.0,0.0,16.0,9.0,12.0,1.0,2.0,3.0,0.0,0.0,0.0,1.0,0.0,0.0,116.0,72.0,43.0,1.0,44.0,3.0,2.0,1.0,S
Rolle,VD_Rol_15,2,1,8.0,32.0,1.0,72.0,18.0,0.0,19.0,10.0,5.0,5.0,1.0,2.0,0.0,0.0,0.0,2.0,0.0,0.0,175.0,131.0,42.0,2.0,44.0,3.0,2.0,1.0,S
Rolle,VD_Rol_16,2,1,12.0,36.0,1.0,74.0,31.0,1.0,2.0,3.0,1.0,4.0,0.0,2.0,1.0,0.0,1.0,2.0,0.0,0.0,171.0,155.0,12.0,4.0,16.0,3.0,2.0,1.0,S
Rolle,VD_Rol_17,2,1,4.0,30.0,2.0,40.0,8.0,0.0,2.0,2.0,4.0,5.0,1.0,2.0,0.0,0.0,0.0,5.0,0.0,0.0,105.0,84.0,16.0,5.0,21.0,3.0,2.0,1.0,SSE
Rolle,VD_Rol_18,2,1,4.0,12.0,0.0,23.0,18.0,1.0,2.0,1.0,1.0,5.0,2.0,1.0,0.0,0.0,0.0,0.0,0.0,0.0,70.0,58.0,12.0,0.0,12.0,3.0,2.0,1.0,S
Rolle,VD_Rol_19,2,1,8.0,21.0,0.0,52.0,16.0,0.0,11.0,8.0,1.0,10.0,3.0,0.0,0.0,0.0,0.0,4.0,0.0,0.0,134.0,97.0,33.0,4.0,37.0,3.0,2.0,1.0,S
Rolle,VD_Rol_2,1,1,7.0,4.0,0.0,7.0,10.0,0.0,2.0,2.0,5.0,2.0,23.0,1.0,0.0,0.0,0.0,0.0,0.0,0.0,63.0,28.0,35.0,0.0,35.0,3.0,2.0,1.0,SSO
Rolle,VD_Rol_20,2,1,7.0,19.0,1.0,44.0,26.0,1.0,7.0,5.0,5.0,9.0,0.0,5.0,0.0,1.0,5.0,1.0,0.0,0.0,136.0,98.0,31.0,7.0,38.0,3.0,2.0,1.0,S
Rolle,VD_Rol_21,2,1,14.0,42.0,5.0,134.0,43.0,2.0,47.0,68.0,21.0,15.0,0.0,3.0,0.0,0.0,1.0,5.0,0.0,0.0,400.0,240.0,154.0,6.0,160.0,3.0,2.0,1.0,SSE
Rolle,VD_Rol_3,1,1,18.0,9.0,0.0,15.0,18.0,0.0,4.0,2.0,2.0,0.0,7.0,0.0,0.0,1.0,0.0,2.0,0.0,0.0,78.0,60.0,15.0,3.0,18.0,3.0,2.0,1.0,SSO
Rolle,VD_Rol_4,1,1,12.0,30.0,0.0,80.0,36.0,2.0,2.0,2.0,0.0,2.0,18.0,0.0,0.0,0.0,0.0,1.0,1.0,0.0,186.0,160.0,24.0,2.0,26.0,3.0,2.0,1.0,SSO
Rolle,VD_Rol_5,1,1,15.0,15.0,0.0,43.0,23.0,2.0,1.0,3.0,1.0,3.0,13.0,0.0,0.0,1.0,0.0,1.0,0.0,0.0,121.0,98.0,21.0,2.0,23.0,3.0,2.0,1.0,S
Rolle,VD_Rol_6,1,1,20.0,24.0,0.0,73.0,24.0,4.0,3.0,1.0,4.0,1.0,29.0,2.0,0.0,0.0,0.0,9.0,0.0,0.0,194.0,145.0,40.0,9.0,49.0,3.0,2.0,1.0,S
Rolle,VD_Rol_7,1,1,22.0,37.0,2.0,81.0,33.0,2.0,2.0,0.0,0.0,1.0,17.0,1.0,0.0,1.0,0.0,0.0,1.0,0.0,200.0,177.0,21.0,2.0,23.0,3.0,2.0,1.0,S
Rolle,VD_Rol_8,1,1,12.0,11.0,2.0,27.0,30.0,1.0,5.0,25.0,4.0,1.0,3.0,3.0,0.0,0.0,3.0,3.0,0.0,0.0,130.0,83.0,41.0,6.0,47.0,3.0,2.0,1.0,SSE
Rolle,VD_Rol_9,1,1,3.0,9.0,0.0,56.0,4.0,0.0,4.0,1.0,2.0,4.0,5.0,5.0,0.0,0.0,0.0,2.0,0.0,0.0,95.0,72.0,21.0,2.0,23.0,3.0,2.0,1.0,SSE
Tolochenaz,VD_Tol_1,1,2,2.0,16.0,0.0,28.0,7.0,1.0,1.0,1.0,0.0,1.0,0.0,0.0,0.0,0.0,0.0,0.0,0.0,0.0,57.0,54.0,3.0,0.0,3.0,1.0,1.0,4.0,SE
Tolochenaz,VD_Tol_2,1,2,2.0,12.0,0.0,24.0,16.0,0.0,1.0,0.0,0.0,0.0,0.0,0.0,0.0,0.0,0.0,0.0,0.0,0.0,55.0,54.0,1.0,0.0,1.0,1.0,1.0,4.0,SE
Tolochenaz,VD_Tol_3,1,2,6.0,19.0,0.0,33.0,24.0,0.0,1.0,0.0,0.0,1.0,2.0,3.0,0.0,0.0,0.0,0.0,0.0,0.0,89.0,82.0,7.0,0.0,7.0,1.0,1.0,4.0,ENE
Tolochenaz,VD_Tol_4,1,2,14.0,29.0,2.0,74.0,57.0,0.0,1.0,0.0,0.0,1.0,2.0,2.0,0.0,0.0,0.0,0.0,0.0,0.0,182.0,176.0,6.0,0.0,6.0,1.0,1.0,4.0,ENE
Vidy,VD_Vid_1,1,1,18.0,22.0,1.0,37.0,21.0,3.0,0.0,0.0,0.0,2.0,0.0,0.0,0.0,0.0,0.0,0.0,0.0,0.0,104.0,102.0,2.0,0.0,2.0,3.0,2.0,2.0,SO
Vidy,VD_Vid_10,2,1,8.0,22.0,1.0,112.0,27.0,1.0,4.0,5.0,0.0,1.0,2.0,0.0,4.0,1.0,0.0,23.0,0.0,0.0,211.0,171.0,12.0,28.0,40.0,3.0,2.0,2.0,S
Vidy,VD_Vid_11,2,1,8.0,21.0,1.0,67.0,27.0,0.0,21.0,7.0,2.0,7.0,0.0,0.0,1.0,2.0,0.0,9.0,3.0,0.0,176.0,124.0,37.0,15.0,52.0,3.0,2.0,2.0,SO
Vidy,VD_Vid_12,2,1,14.0,20.0,11.0,52.0,32.0,0.0,22.0,27.0,0.0,7.0,2.0,4.0,4.0,7.0,1.0,37.0,1.0,0.0,241.0,129.0,62.0,50.0,112.0,3.0,2.0,2.0,SO
Vidy,VD_Vid_13,2,1,,,,,,,,,,,,,,,,,,,0.0,0.0,0.0,0.0,0.0,3.0,2.0,2.0,S
Vidy,VD_Vid_2,1,1,25.0,48.0,1.0,82.0,46.0,0.0,3.0,4.0,0.0,2.0,0.0,1.0,0.0,0.0,0.0,1.0,0.0,0.0,213.0,202.0,10.0,1.0,11.0,3.0,2.0,2.0,SO
Vidy,VD_Vid_3,1,1,2.0,12.0,0.0,18.0,7.0,0.0,0.0,0.0,0.0,1.0,0.0,0.0,0.0,0.0,0.0,0.0,0.0,0.0,40.0,39.0,1.0,0.0,1.0,3.0,2.0,2.0,SO
Vidy,VD_Vid_4,1,1,3.0,6.0,0.0,8.0,7.0,0.0,0.0,1.0,0.0,0.0,1.0,0.0,0.0,0.0,0.0,0.0,0.0,0.0,26.0,24.0,2.0,0.0,2.0,3.0,2.0,2.0,S
Vidy,VD_Vid_5,1,1,1.0,9.0,0.0,21.0,4.0,1.0,0.0,2.0,0.0,3.0,8.0,0.0,0.0,0.0,0.0,2.0,0.0,0.0,51.0,36.0,13.0,2.0,15.0,3.0,2.0,2.0,S
Vidy,VD_Vid_6,1,1,3.0,12.0,0.0,13.0,6.0,0.0,0.0,0.0,0.0,0.0,1.0,0.0,0.0,0.0,0.0,0.0,0.0,0.0,35.0,34.0,1.0,0.0,1.0,3.0,2.0,2.0,SSE
Vidy,VD_Vid_7,2,1,14.0,23.0,2.0,134.0,38.0,3.0,40.0,3.0,0.0,2.0,0.0,0.0,1.0,0.0,0.0,28.0,3.0,2.0,293.0,214.0,45.0,34.0,79.0,3.0,2.0,2.0,SO
Vidy,VD_Vid_8,2,1,,,,,,,,,,,,,,,,,,,0.0,0.0,0.0,0.0,0.0,3.0,2.0,2.0,SO
Vidy,VD_Vid_9,2,1,17.0,12.0,0.0,70.0,27.0,4.0,7.0,4.0,1.0,2.0,1.0,0.0,1.0,4.0,1.0,21.0,1.0,0.0,173.0,130.0,15.0,28.0,43.0,3.0,2.0,2.0,SO
Bouveret,VS_Bou_1,1,1,4.0,10.0,0.0,37.0,17.0,0.0,1.0,1.0,0.0,6.0,4.0,2.0,0.0,0.0,0.0,0.0,0.0,0.0,82.0,68.0,14.0,0.0,14.0,3.0,1.0,2.0,ONO
Bouveret,VS_Bou_10,2,1,5.0,2.0,0.0,65.0,6.0,2.0,3.0,4.0,0.0,4.0,3.0,0.0,1.0,1.0,0.0,8.0,1.0,0.0,105.0,80.0,14.0,11.0,25.0,3.0,1.0,2.0,O
Bouveret,VS_Bou_11,2,1,3.0,18.0,0.0,830.0,32.0,0.0,4.0,3.0,3.0,7.0,3.0,1.0,9.0,8.0,1.0,48.0,1.0,0.0,971.0,883.0,21.0,67.0,88.0,3.0,1.0,2.0,O
Bouveret,VS_Bou_12,2,1,,,,,,,,,,,,,,,,,,,0.0,0.0,0.0,0.0,0.0,3.0,1.0,2.0,O
Bouveret,VS_Bou_2,1,1,6.0,16.0,2.0,63.0,13.0,0.0,0.0,1.0,0.0,8.0,0.0,0.0,0.0,0.0,0.0,0.0,0.0,0.0,109.0,100.0,9.0,0.0,9.0,3.0,1.0,2.0,ONO
Bouveret,VS_Bou_3,1,1,3.0,8.0,0.0,19.0,6.0,0.0,0.0,0.0,0.0,1.0,0.0,0.0,0.0,0.0,0.0,0.0,0.0,0.0,37.0,36.0,1.0,0.0,1.0,3.0,1.0,2.0,O
Bouveret,VS_Bou_4,1,1,4.0,8.0,0.0,17.0,8.0,0.0,8.0,1.0,0.0,3.0,6.0,0.0,0.0,0.0,0.0,2.0,0.0,0.0,57.0,37.0,18.0,2.0,20.0,3.0,1.0,2.0,O
Bouveret,VS_Bou_5,1,1,4.0,38.0,0.0,110.0,45.0,2.0,41.0,2.0,6.0,0.0,6.0,4.0,0.0,0.0,0.0,0.0,0.0,0.0,258.0,199.0,59.0,0.0,59.0,3.0,1.0,2.0,O
Bouveret,VS_Bou_6,1,1,2.0,4.0,2.0,16.0,10.0,1.0,0.0,0.0,0.0,0.0,0.0,0.0,0.0,0.0,0.0,0.0,0.0,0.0,35.0,35.0,0.0,0.0,0.0,3.0,1.0,2.0,OSO
Bouveret,VS_Bou_7,1,1,2.0,8.0,1.0,31.0,11.0,,2.0,0.0,0.0,2.0,1.0,0.0,0.0,0.0,0.0,0.0,0.0,0.0,58.0,53.0,5.0,0.0,5.0,3.0,1.0,2.0,OSO
Bouveret,VS_Bou_8,2,1,8.0,23.0,0.0,109.0,45.0,0.0,1.0,8.0,0.0,2.0,0.0,1.0,1.0,4.0,1.0,48.0,4.0,0.0,255.0,185.0,12.0,58.0,70.0,3.0,1.0,2.0,ONO
Bouveret,VS_Bou_9,2,1,2.0,8.0,2.0,67.0,12.0,0.0,2.0,0.0,3.0,6.0,0.0,1.0,6.0,3.0,2.0,33.0,0.0,0.0,147.0,91.0,12.0,44.0,56.0,3.0,1.0,2.0,ONO
